{"mean": [1690821550111.3567, 5.9603256622579455, 155.90312808486127, 0.0008334895233808918, 0.005127390381657086, -0.00042950238335456045, 0.017980586325505424, -0.008698490164414655, -0.00042950238335456045, 0.21299695189796514], "std": [193075775.04412356, 5.861418239615269, 112.76410065252111, 0.11253367893108443, 0.09543645594495884, 0.09253989632153749, 0.4365367020018168, 0.44529832414974463, 0.5602334962512742, 0.4903753712853984], "labels": ["driving", "cycling", "train", "bus", "metro", "tram"]}