{"mean": [1690552158231.9092, 6.717472879001979, 91.3697661459218, 0.0039524237897637085, 0.005028662964793725, 0.004688778358090838, -0.008131062850833317, 0.5917523992987516, 0.004688778358090838, 0.305417293663486], "std": [10796546.518216819, 6.0102965017602346, 90.0152718383228, 0.1355992023938861, 0.08526979144420455, 0.07255290574760791, 0.41157441763936686, 0.24025953466885952, 0.4358791720720706, 0.23272083128326104], "labels": ["driving", "cycling", "train", "bus", "metro", "tram"]}