{"mean": [1690703753602.8184, 6.247088557754819, 165.6475136630223, 0.0017535762369080402, -0.0006388593505431421, 0.0021936458894765607, -0.05696061089157863, 0.1573624548820371, 0.0021936458894765607, 0.2822093602242256], "std": [130971702.10096723, 6.190672608206211, 118.45606786211006, 0.09025256090881084, 0.08286965983390904, 0.07770348941197847, 0.3857894821578952, 0.46682456061760447, 0.5699543984759359, 0.43796710698607355], "labels": ["driving", "cycling", "train", "bus", "metro", "tram"]}