{"mean": [1690775163615.0767, 5.990458881513716, 158.87624595177573, 0.0008849657313740488, 0.0019249957178531308, 0.0015384605997217885, -0.012762818755428996, 0.00934294132171909, 0.0015384605997217885, 0.22781216365432833], "std": [176062579.94581652, 5.925521148138684, 113.45877153750122, 0.09024381842437947, 0.0793554127236119, 0.07747057456162754, 0.44588974503624346, 0.45815742812972393, 0.5435526048258379, 0.49324925599739156], "labels": ["driving", "cycling", "train", "bus", "metro", "tram"]}