{"mean": [1690572052389.0876, 8.240161693033976, 98.32799893810575, 0.000930683351320842, 0.0006011793068835675, -0.0003553415171451371, -0.058119631163669694, 0.3952824213365758, -0.0003553415171451371, 0.22264481785820026], "std": [27690066.646825295, 7.619527017662622, 91.04813706226405, 0.09586491888269612, 0.06962184340514908, 0.06360847875313044, 0.3127354601297973, 0.4643941515004409, 0.5335826322994828, 0.22949771498034724], "labels": ["driving", "cycling", "train", "bus", "metro", "tram"]}