{"mean": [1690951594476.149, 6.747330886108841, 165.4604688512931, 0.002176783713376248, 0.004590874872464453, 0.000499381870276892, -0.03271884410316872, 0.028124404851710354, 0.000499381870276892, 0.15045141961560402], "std": [241756770.57022965, 6.487898394473343, 107.201677659653, 0.10756875886015498, 0.09376692052682827, 0.08991812660176939, 0.4319409236209835, 0.45952341031877314, 0.5499916036450821, 0.5187696583300584], "labels": ["driving", "cycling", "train", "bus", "metro", "tram"]}