{"mean": [1690675001949.1833, 6.425515638203464, 148.21817539234377, 0.0007456013408526284, -0.0011268861695886338, 0.001846288123950429, -0.031730636086039, 0.17714757165307488, 0.001846288123950429, 0.2674553074032502], "std": [116539579.82686293, 6.485300782788441, 111.54968648515452, 0.08328237227607276, 0.06930834927138431, 0.06752686327020148, 0.3619669362223895, 0.4700857319520494, 0.5758493726724272, 0.45303916561332347], "labels": ["driving", "cycling", "train", "bus", "metro", "tram"]}