{"mean": [1689831602964.0376, 5.762506670804997, 0.03294585659629191, 0.013944142630694828, -0.03294220724837664], "std": [197994363.46413702, 5.783368754834449, 0.3841128692742433, 0.26651563013542895, 0.4235045471757407], "labels": ["driving", "cycling", "train", "bus", "metro", "tram"]}