{"mean": [1690642973003.682, 6.885383210528731, 136.38113380230058, 0.00028455835168618416, 0.00046353834064028447, 0.0004818747472219672, -0.014749385787420199, 0.279441442745392, 0.0004818747472219672, 0.3222592163317539], "std": [111176786.82002984, 6.886761326186719, 115.37993078493938, 0.0855154675478588, 0.06551649850959557, 0.06605396272116787, 0.35446576116476014, 0.4511567460136275, 0.5663150037906347, 0.34121752194282307], "labels": ["driving", "cycling", "train", "bus", "metro", "tram"]}