{"mean": [1689821719417.907, 5.786589510600126, 0.041280185276479656, 0.016052798280548706, -0.03619185426659324], "std": [183242388.1195266, 5.795412293775965, 0.3740325237701895, 0.2654840572712227, 0.42291708862870614], "labels": ["driving", "cycling", "train", "bus", "metro", "tram"]}