{"mean": [1689761917391.6267, 5.213297130375227, 0.049954421821344755, 0.029434285121315622, -0.029199849027995665], "std": [70466782.20422186, 5.19674918549166, 0.3488774723890463, 0.23655972426595714, 0.4163285830288033], "labels": ["driving", "cycling", "train", "bus", "metro"]}