{"mean": [1690563465060.9878, 5.233737655083854, 109.80691952638247, 0.001846321350707859, 0.0034341720371123623, 0.0015750377259479947, -0.08900737934982851, 0.19848760630636714, 0.0015750377259479947, 0.25536100112309973], "std": [16179552.474185241, 5.527953811794337, 85.59868512442046, 0.11361339292764647, 0.08040650247905677, 0.07160850016189409, 0.44078796585924596, 0.5534517077525658, 0.5253028788896044, 0.31833561401068694], "labels": ["driving", "cycling", "train", "bus", "metro", "tram"]}