{"mean": [1690689902270.0757, 6.514687038668614, 161.44632521261974, 0.0007894324798789102, -0.0010897463859510697, 0.002610701908675899, -0.05576889453642787, 0.1585355724204443, 0.002610701908675899, 0.2794725948473396], "std": [124496272.93068781, 6.315556696879162, 118.97707264131641, 0.08143385708317309, 0.06768942980593844, 0.06847082175607361, 0.36207549919227333, 0.47494589260979714, 0.5799014944400002, 0.4420264228758788], "labels": ["driving", "cycling", "train", "bus", "metro", "tram"]}