{"mean": [1498884730230.952, -3.3164778329893045, 0.13730058762981495, 1.101963818709479, 0.44979954286101503, -0.061145649371278706, 0.1909074884107417], "std": [885497923.7971011, 5.714343878792581, 3.5219104793712233, 6.554711873400657, 0.2832378944367722, 0.48550164167354753, 0.40898885145482317], "labels": ["driving", "cycling", "train", "bus", "metro", "walking", "stationary", "running", "unknown"]}