{"mean": [1689802763602.467, 5.540035138885462, 0.04050135090464155, 0.025604802556077704, -0.045363303835533914], "std": [153377198.4696016, 5.559249358503689, 0.36209666033288523, 0.25416857968702794, 0.4225299788288513], "labels": ["driving", "cycling", "train", "bus", "metro", "tram"]}