{"mean": [1690827036468.7227, 5.799159235970674, 155.74841400305783, 0.0007375586120229685, 0.004839381752516994, -0.00026721462731858824, 0.01437045036973391, -0.0028677810073762943, -0.00026721462731858824, 0.221101364172965], "std": [192606700.50932223, 5.844794458884382, 113.99598767315476, 0.11197731006287696, 0.09489598488831513, 0.09316585962362631, 0.4318751067137585, 0.44031314124604687, 0.5649532469707861, 0.4894365713483806], "labels": ["driving", "cycling", "train", "bus", "metro", "tram"]}