{"mean": [1690860417270.9905, 5.772972031223927, 165.82625705579505, 0.00046584517485678476, 0.006545114590596152, -0.0008592197832671825, 0.017217513580359584, -0.019930524262891217, -0.0008592197832671825, 0.1531252098685833], "std": [196912854.8021877, 5.66903427231855, 115.38156694336708, 0.11704468681299625, 0.10437856101122134, 0.09878604840449681, 0.42351036523825003, 0.43486575590716986, 0.5532174987279623, 0.5382747703910085], "labels": ["driving", "cycling", "train", "bus", "metro", "tram"]}