{"mean": [1498121253525.0, 1.6816035641169857, -0.03391065987064151, -2.1838116757592805, 3.237014249718786, -7.125482682086614, 2.9504707630764906], "std": [25663.215406491836, 6.723277677296684, 8.546922054694763, 6.069761293338368, 23.8958463939589, 30.22722265456178, 18.135759958484865], "labels": ["driving", "cycling", "train", "bus", "metro", "tram"]}