{"mean": [1690716374024.2573, 6.403574205789667, 161.79926268743554, 0.000894534495497002, -0.0004670154094810866, 0.0023093300125625028, -0.04347963518163727, 0.13968040708713594, 0.0023093300125625028, 0.24708430076432814], "std": [135911489.7650674, 6.282895308497925, 118.66418859546673, 0.08911787432479708, 0.0824168515373759, 0.07739908472541064, 0.37840318177258425, 0.4573890732012279, 0.5988000920540257, 0.4530734899956263], "labels": ["driving", "cycling", "train", "bus", "metro", "tram"]}