{"mean": [1689755219529.1353, 5.178854439343698, 0.05890462356484295, 0.03027280558138308, -0.026252602630168213], "std": [44855998.462134555, 5.214746800011981, 0.3391955559257576, 0.23682446525560066, 0.41635507239224584], "labels": ["driving", "cycling", "train", "bus", "metro", "tram", "e-scooter"]}