{"mean": [1690664926524.3154, 6.776380162944408, 144.26865461464268, 0.0007408668152744444, -0.0015005631311696731, 0.0017560538587753126, -0.051662345154492126, 0.20398018646069185, 0.0017560538587753126, 0.3568741970984001], "std": [115725695.1291422, 6.606934600037171, 114.05970905386705, 0.08287446444766133, 0.06680617198512451, 0.06611663127203173, 0.3543559851989263, 0.47694421261564857, 0.5900473425643434, 0.33936575500445454], "labels": ["driving", "cycling", "train", "bus", "metro", "tram"]}