{"mean": [1690560855628.536, 6.543052866205526, 95.56453552626964, 0.0008871321787052813, 0.0021429543440987103, 0.0006005416534017426, -0.07991065052339426, 0.33351422251440405, 0.0006005416534017426, 0.2630570273406271], "std": [14187323.427563166, 6.1422333306469135, 89.72329515282733, 0.10871279858459694, 0.07473385619738478, 0.06383139272397631, 0.35594091224180385, 0.5286222235503437, 0.5528895512243093, 0.23739737924761586], "labels": ["driving", "cycling", "train", "bus", "metro", "tram"]}