{"mean": [1689833049594.7634, 5.756355105115963, 0.032157756712060934, 0.013236347109693446, -0.03368936467217392], "std": [200318739.37291086, 5.779456052239445, 0.3843260373425321, 0.26698607832744614, 0.42373768604892526], "labels": ["driving", "cycling", "train", "bus", "metro", "tram"]}