{"mean": [1690966362305.3027, 6.9565669311067975, 163.05548144243872, 0.0024190695182166265, 0.005092959940473941, 8.164835979365959e-05, -0.02564629329608824, 0.03376995351756804, 8.164835979365959e-05, 0.18013951367724446], "std": [248192493.98267177, 6.550313294567204, 107.94073046757423, 0.10761857186302118, 0.09450870249749495, 0.09103112038682461, 0.42509591810695563, 0.45150772783605997, 0.5420721765630694, 0.5299856791858484], "labels": ["driving", "cycling", "train", "bus", "metro", "tram"]}