{"mean": [1690907121788.6658, 6.330526765897993, 162.46610147974167, 0.0020095434134062297, 0.0054183028957459686, 0.0002575102261143593, -0.010768736653934984, -0.05235740096684199, 0.0002575102261143593, 0.15972891627823058], "std": [223498383.5947108, 6.2209215364330985, 112.89346787678548, 0.11284952686426387, 0.09876574707341029, 0.0943459612371583, 0.436413116927419, 0.42441027963097694, 0.5341637031431843, 0.5449054904440288], "labels": ["driving", "cycling", "train", "bus", "metro", "tram"]}