{"mean": [1690813579249.8923, 5.849870555745157, 160.3152784924522, 0.0007476138550663613, 0.0052744970507742255, -0.0002618469548473098, 0.01006441299047461, -0.005138803149863265, -0.0002618469548473098, 0.2312654137710246], "std": [190972962.34715724, 5.858358982715143, 111.8396965779311, 0.11395593821315632, 0.09638919627469472, 0.0936100688921296, 0.44131453106972524, 0.45201376362297485, 0.5508367948382071, 0.4873916231573691], "labels": ["driving", "cycling", "train", "bus", "metro", "tram"]}