{"mean": [1689802882721.2278, 5.597916399196726, 0.04036734473702634, 0.025591846681834826, -0.045285276201720764], "std": [153541519.27141383, 9.723420935903484, 0.3622559521527462, 0.25413894638168383, 0.4224334958644921], "labels": ["driving", "cycling", "train", "bus", "metro", "tram"]}