{"mean": [1690621794314.443, 7.237107382835691, 140.5443405343767, 0.0014716817558072769, 0.0004134473209990221, 1.3995278948812676e-05, -0.06816313803330531, 0.3349361057394806, 1.3995278948812676e-05, 0.28724292221921327], "std": [96149712.53083444, 7.1273243301158695, 118.49878099430467, 0.08889316445053261, 0.06835424640504727, 0.06756384323384042, 0.33111130060671545, 0.4297125971242056, 0.5805194325481877, 0.3402307972541079], "labels": ["driving", "cycling", "train", "bus", "metro", "tram"]}