{"mean": [1690727772448.9368, 6.3531048185196175, 165.79400143345285, 0.0009543357346920318, -0.0003920278091367695, 0.0030256367263955335, -0.03229611566467896, 0.16165958530550414, 0.0030256367263955335, 0.22047548859211996], "std": [139508714.36826488, 6.196359641458056, 117.42069184216517, 0.08701892330821777, 0.0805241825556208, 0.07738035860261278, 0.3774639253585396, 0.4527851834129746, 0.5985419689411828, 0.46184773500039183], "labels": ["driving", "cycling", "train", "bus", "metro", "tram"]}