{"mean": [1689829054732.8538, 5.779306505506611, 0.03132347155615819, 0.013720353710719883, -0.03116753976287005], "std": [194383883.35557002, 5.788324878299462, 0.3835962721608793, 0.26562726652080565, 0.42308879470063526], "labels": ["driving", "cycling", "train", "bus", "metro", "tram"]}