{"mean": [1689678896273.339, 7.801628759092318, -0.1331947169793919, 0.06243053450421651, 0.09942770064393823], "std": [61363428.97309214, 6.176717632919601, 0.5675149722902871, 0.3160714979171148, 0.42163721249110986], "labels": ["driving", "cycling", "train", "bus", "metro", "tram", "e-scooter"]}