{"mean": [1690876143807.0793, 6.064100316973203, 167.09200749910335, 0.001576611697573689, 0.006047394291267002, 1.6097232050234288e-05, 0.03341151477151972, -0.038680658085271005, 1.6097232050234288e-05, 0.1208245003420996], "std": [203925537.20858252, 5.764785842176236, 113.60479111587009, 0.11628420179488838, 0.10233976583800351, 0.09748996796307316, 0.4227169592352718, 0.4348797032082837, 0.5486033905246738, 0.5467215786094936], "labels": ["driving", "cycling", "train", "bus", "metro", "tram"]}