{"mean": [1690849241173.8652, 5.97347647141908, 162.5903295685102, -0.00014831960400935694, 0.005058424078915116, 0.0002312895456577462, 0.02893291263974382, -0.019167238400171014, 0.0002312895456577462, 0.19497533080538562], "std": [196332817.2073701, 5.725839472136614, 115.63230322289039, 0.10890806062642734, 0.09496545359652009, 0.09138293849154352, 0.4262501879344848, 0.4408606849101915, 0.5538400964619589, 0.5145481976760687], "labels": ["driving", "cycling", "train", "bus", "metro", "tram"]}