{"mean": [1689718438603.8196, 5.885148215513569, 0.025555003479382252, 0.0916428550656301, -0.02304192063735426], "std": [62151435.26723198, 5.581949689132588, 0.4681932188918735, 0.2636956952225675, 0.43198811229656], "labels": ["driving", "cycling", "train", "bus", "metro", "tram", "e-scooter"]}