{"mean": [1690939004144.6, 6.800392403656171, 164.32104896994477, 0.002332098864556457, 0.004824306912555881, 0.0005209973038026546, -0.024228726706040805, 0.0017861608963088856, 0.0005209973038026546, 0.14434809288247366], "std": [238667877.54412386, 6.398932566557892, 108.62067507713036, 0.10961110629663437, 0.09548135192723164, 0.09155425132411693, 0.4380131069285457, 0.4501024586311572, 0.5420384915644201, 0.5279946234744777], "labels": ["driving", "cycling", "train", "bus", "metro", "tram"]}