{"mean": [1690705151136.007, 6.056230890285532, 164.4265438614776, 0.0016533170663576135, 9.472214677263993e-05, 0.002390729762567091, -0.03286607102719009, 0.07458454905370118, 0.002390729762567091, 0.2446538462883989], "std": [138678400.5674869, 5.994981001948934, 110.79493687064462, 0.0923981268926541, 0.08209034222592597, 0.07884746826712206, 0.38568719052587735, 0.4725170711776477, 0.5839681011805689, 0.46944660522554554], "labels": ["driving", "cycling", "train", "bus", "metro", "tram"]}