{"mean": [1690713556893.9626, 6.025702992780977, 169.7554702816477, 0.0018593794576545089, 0.0006862707385994067, 0.002413287186652847, -0.0668963991043685, 0.06525862206788748, 0.002413287186652847, 0.2269685133109276], "std": [140320636.70440072, 5.883276884532052, 110.9496714137536, 0.09119201074503672, 0.08100872717080632, 0.07824485487913754, 0.4061721185594995, 0.4798119169902911, 0.5719302684232103, 0.46631349810374073], "labels": ["driving", "cycling", "train", "bus", "metro", "tram"]}