{"mean": [1690834180278.1035, 5.910912957507607, 158.55543712266206, 0.0002292641696824854, 0.005009598047099382, -0.000130132801294555, 0.008919750700818267, -0.006611527667292677, -0.000130132801294555, 0.24094104614962278], "std": [194086070.41252825, 5.849994854510752, 113.75803301088526, 0.11119051504812112, 0.0941582692743374, 0.09227201791644335, 0.426703973650385, 0.43446902451065683, 0.5610172179916062, 0.49543070300877073], "labels": ["driving", "cycling", "train", "bus", "metro", "tram"]}