{"mean": [1689778465844.92, 5.58564075145714, 0.044510312328644115, 0.022263068254677543, -0.03988638260773778], "std": [104606301.25525245, 9.855401788545494, 0.3573424401199225, 0.23977596032803272, 0.41849701691575864], "labels": ["driving", "cycling", "train", "bus", "metro", "tram"]}