{"mean": [1690561903407.7554, 6.694310614560307, 82.05781380978121, 0.0005897713976900694, 0.0010049939657895454, 9.519870014915272e-05, -0.06990216137805862, 0.3587548768338712, 9.519870014915272e-05, 0.25642517121538455], "std": [13160779.217237854, 6.403566625438747, 87.66827193886132, 0.10180761726873157, 0.07322907494141256, 0.06265985029628401, 0.3334465093742605, 0.49213199758119097, 0.5489654979516676, 0.22578350055674112], "labels": ["driving", "cycling", "train", "bus", "metro", "tram"]}