{"mean": [1690887881186.766, 6.32068156857872, 162.05385361421074, 0.0015665311067644201, 0.005797659428293238, 6.150757583930796e-05, 0.010361479879266756, -0.03934390101905482, 6.150757583930796e-05, 0.140799298123893], "std": [210396977.9718262, 6.249151159184583, 115.01592576522775, 0.11440177753283037, 0.10070367140383094, 0.0959157829409307, 0.43409137813140203, 0.4277587379884821, 0.5395889993106081, 0.5484551444530695], "labels": ["driving", "cycling", "train", "bus", "metro", "tram"]}