{"mean": [1690559264857.9707, 6.01654832341836, 115.9481308742981, 0.0015703365222237255, 0.003591244282688611, 0.0018129058280105027, -0.03602985711444691, 0.2819880868838657, 0.0018129058280105027, 0.26623352112401644], "std": [15459135.301897688, 5.71826549057012, 88.83629873339343, 0.12067233178246033, 0.07944089897572226, 0.06932087599250411, 0.38413976153160645, 0.57921885331482, 0.5380488278373691, 0.2644759809180349], "labels": ["driving", "cycling", "train", "bus", "metro", "tram"]}