{"mean": [1690925321464.0208, 6.496243865035692, 162.90783456314813, 0.0025010609550622695, 0.005094081899696424, 0.0005614023002337386, -0.021683133441345887, -0.027923399404931746, 0.0005614023002337386, 0.14505043506961363], "std": [234510829.1907828, 6.249244712224502, 110.73154053899648, 0.11188827297147205, 0.0974743421430197, 0.09347543906427475, 0.4464868641741028, 0.43634134711489236, 0.5264616659701967, 0.5389804477626952], "labels": ["driving", "cycling", "train", "bus", "metro", "tram"]}