{"mean": [1689791847451.4148, 5.642780027083148, 0.03943882996503479, 0.02586185324122233, -0.043236464721116315], "std": [132314544.60771815, 9.784485340992708, 0.361612250412217, 0.24503443028255342, 0.4202620348399791], "labels": ["driving", "cycling", "train", "bus", "metro", "tram"]}