{"mean": [1690849458748.6897, 5.969420680105647, 162.40632774603878, -0.00014396960758560108, 0.005041234791390336, 0.00022519009842004293, 0.028851899408749063, -0.017946457154000343, 0.00022519009842004293, 0.19561589727870876], "std": [196260294.0949908, 5.72241133752706, 115.63872842887362, 0.10886104872148405, 0.09492201416364637, 0.09132867133057292, 0.4259281862336118, 0.44161960660818544, 0.5535144156469921, 0.5144119631168363], "labels": ["driving", "cycling", "train", "bus", "metro", "tram"]}