{"mean": [1689772685616.2756, 5.538756626337967, 0.04613012892919968, 0.023817047799719767, -0.03272564232530339], "std": [92871659.59048505, 9.899097384729256, 0.3585533107962491, 0.24088581976734297, 0.4142378705389826], "labels": ["driving", "cycling", "train", "bus", "metro", "tram"]}