{"mean": [1689759355771.8882, 5.189836240875343, 0.050292957259588746, 0.030066865438130707, -0.026162571457897035], "std": [61917893.86243382, 5.195281425349231, 0.3497573784740126, 0.23705187766844027, 0.41458549996062743], "labels": ["driving", "cycling", "train", "bus", "metro"]}