{"mean": [1690724498509.9175, 5.842025550526725, 171.5210556076683, 0.0016777297118723352, 0.0015875676473018506, 0.0023487504867758424, -0.08964494519447805, 0.054573665543709536, 0.0023487504867758424, 0.23739091256170253], "std": [139075865.8591776, 5.710700127082877, 111.29517324663784, 0.08889150505330959, 0.08101514001454876, 0.07701708118712962, 0.42071685050007834, 0.47232218114408353, 0.5533880856200828, 0.4755303080276441], "labels": ["driving", "cycling", "train", "bus", "metro", "tram"]}