{"mean": [1690544661262.2979, 6.350793243155752, 129.80768218678364, 0.006378800844152768, 0.00988802323913357, 0.008251260680845007, -0.002249338900461216, 0.6452255731549512, 0.008251260680845007, 0.3465189351317675], "std": [2525102.5374552463, 5.041956559009136, 86.77202055135773, 0.16130949243612233, 0.09344190440933965, 0.0791813792789151, 0.4885706016019151, 0.2440189709124044, 0.3140703494620343, 0.2545544229011534], "labels": ["driving", "cycling", "train", "bus", "metro", "tram"]}