{"mean": [1690764023659.4106, 5.917243998021038, 163.04179418048747, 0.001124255228669851, 0.0017995836544306876, 0.001981442650393373, -0.011832551090723325, 0.018966136031817543, 0.001981442650393373, 0.2644130923271506], "std": [169984947.81613573, 5.990063401159902, 113.4488395656086, 0.09078344972995486, 0.07976749059389876, 0.0766784705417859, 0.45424505018583144, 0.46432993081365, 0.5383733931159923, 0.4646543216065049], "labels": ["driving", "cycling", "train", "bus", "metro", "tram"]}