{"statistics": {"mean_speed": 7.601648317695646, "std_speed": 8.604644873836197, "mean_course": 154.5941864574214, "std_course": 109.11951942699785, "mean_x": 0.0007754535520347863, "std_x": 0.09434437738975424, "mean_y": 0.001976441474507776, "std_y": 0.09951069055147106, "mean_z": -0.000768096235881878, "std_z": 0.09384172231265064, "mean_mx": 5.061910590591382, "std_mx": 31.187455395587854, "mean_my": -1.8005358240713165, "std_my": 50.88855802040079, "mean_mz": -10.977115320914733, "std_mz": 40.153205426995186, "mean_acc_magnitude": 0.08751748026824162, "std_acc_magnitude": 0.1412632159981312, "mean_mag_magnitude": 52.91967421657308, "std_mag_magnitude": 50.23397881087355, "mean_jerk_ax": 3.852660621355572e-08, "std_jerk_ax": 0.09873101556907841, "mean_jerk_ay": -3.727302245195119e-07, "std_jerk_ay": 0.12916806850934212, "mean_jerk_az": -2.1494155873426941e-07, "std_jerk_az": 0.10711239194244626, "mean_jerk_mx": -8.455606052595432e-05, "std_jerk_mx": 2.8331033446441882, "mean_jerk_my": -0.00017708464110846069, "std_jerk_my": 4.605031555280388, "mean_jerk_mz": -0.0002551570398478784, "std_jerk_mz": 3.2137119375204284}, "labels": ["bus", "cycling", "driving", "stationary", "train", "walking"]}