{"mean": [1690992345556.8098, 7.125659068013557, 158.0829989295691, 0.002380180271170027, 0.005083702128433988, -0.00013016807282134447, -0.03545867967539185, 0.0442424347121331, 0.10311913056384141, 0.15185048835486678], "std": [277012460.74127483, 6.660675511351306, 108.90806218248647, 0.10589516807973189, 0.09291084539238621, 0.08993352267994546, 0.42019022751183405, 0.4462467479101678, 0.5443258003335807, 0.5395429736329252], "labels": ["driving", "cycling", "train", "bus", "metro", "tram"]}