{"mean": [1691072264302.8845, 6.909561837497215, 164.80943535293287, 0.0019794746495116916, 0.0053291857512393894, -0.0014830967733928386, -0.033457686440713154, 0.060132976799124015, 0.09676112607852586, 0.07812529013298067], "std": [340181768.57806146, 6.54651015214749, 111.67671836867027, 0.10744573416541651, 0.09440583255315911, 0.09540394880155273, 0.4304312353286853, 0.43656957691180204, 0.536997280205756, 0.5617546071683368], "labels": ["driving", "cycling", "train", "bus", "metro", "tram"]}