{"mean": [1691017805859.1523, 7.108266420978079, 160.65857555312056, 0.002469067271399699, 0.00492439586496742, -0.0002075771889704682, -0.010906612441530477, 0.05570899732790015, 0.09187590016140616, 0.126310257569202], "std": [302279183.3380471, 6.586322127561641, 110.42282604047709, 0.10446374854272633, 0.0915720920102855, 0.08868222200736901, 0.43213320570182634, 0.444040207264374, 0.5387066318768989, 0.5461377740530174], "labels": ["driving", "cycling", "train", "bus", "metro", "tram"]}