{"mean": [1498121253525.0, 3563216.503295821, 179.88794368278855, -6.1095733160854895, 2.646059151293589, -6.441043523622047, 0.36469337007874014, 0.41418463329583804, 0.5555584392575927, -0.05529468053993251], "std": [25663.215406491836, 3080053.3055955432, 105.84950817105299, 4.161393389751409, 4.3831354343456805, 4.7150965753656715, 0.20315202712199104, 0.40325997747401005, 0.3326636518564715, 0.257500351857768], "labels": ["driving", "cycling", "train", "bus", "metro", "tram"]}