{"mean_speed": 8.126018639547185, "std_speed": 8.654705589909398, "mean_course": 159.25187010198036, "std_course": 109.68233054702127, "mean_x": 0.0008452103286183782, "std_x": 0.09735623577991202, "mean_y": 0.0020971822782209185, "std_y": 0.10282344269174655, "mean_z": -0.001050020393013713, "std_z": 0.09684375256949422, "mean_mx": 4.642003399647707, "std_mx": 32.10254019269284, "mean_my": -1.7345094982844094, "std_my": 52.51471935942389, "mean_mz": -4.156529339245475, "std_mz": 29.19624201850563, "mean_acc_magnitude": 0.0929774436430768, "std_acc_magnitude": 0.14419091335583542, "mean_mag_magnitude": 48.76965600042752, "std_mag_magnitude": 48.00149469272405, "mean_jerk_ax": 3.9406111799433695e-07, "std_jerk_ax": 0.05848320463709589, "mean_jerk_ay": -3.797363248799168e-07, "std_jerk_ay": 0.06298605346394667, "mean_jerk_az": -7.618840368408961e-07, "std_jerk_az": 0.05957350809632952, "mean_jerk_mx": -0.00018763277165322935, "std_jerk_mx": 2.2313316617279866, "mean_jerk_my": -8.18270339696189e-05, "std_jerk_my": 3.5537045087209194, "mean_jerk_mz": -0.0003893055307159501, "std_jerk_mz": 2.4148371646966975}