{"mean_speed": 7.898399932765698, "std_speed": 8.636492492921112, "mean_course": 155.03189603447908, "std_course": 111.20718481499311, "mean_x": 0.0008036178291171999, "std_x": 0.09607825600136873, "mean_y": 0.002031018864385245, "std_y": 0.10140095295525493, "mean_z": -0.0009358431137100826, "std_z": 0.09557088720990918, "mean_mx": 5.107730063984827, "std_mx": 31.777999271610007, "mean_my": -1.4709687872019277, "std_my": 51.831358183030005, "mean_mz": -5.668383733133723, "std_mz": 30.189879512668398, "mean_acc_magnitude": 0.09063947612164887, "std_acc_magnitude": 0.1429584241258865, "mean_mag_magnitude": 49.208130473204015, "std_mag_magnitude": 47.399397452405196, "mean_jerk_ax": 4.0031375080649064e-08, "std_jerk_ax": 0.10051219401810171, "mean_jerk_ay": -3.872882895245818e-07, "std_jerk_ay": 0.13163723471610658, "mean_jerk_az": -2.2333672762184307e-07, "std_jerk_az": 0.1090760267493939, "mean_jerk_mx": -8.7858643854946e-05, "std_jerk_mx": 2.884985842014367, "mean_jerk_my": -0.0001840011977681192, "std_jerk_my": 4.6894698964586965, "mean_jerk_mz": -0.00026512294153292456, "std_jerk_mz": 3.2470721590578138}