{"mean_speed": 9.318318722422603, "std_speed": 10.259227147180798, "mean_course": 167.49695651194048, "std_course": 108.6927854037046, "mean_x": 0.0006717349763494475, "std_x": 0.09899222572315113, "mean_y": 0.002544626498313606, "std_y": 0.09697803464755614, "mean_z": -0.000985419363846807, "std_z": 0.09637645880575899, "mean_mx": -3.540050040340916, "std_mx": 45.719120158101944, "mean_my": -1.3700884059505714, "std_my": 47.11172635169619, "mean_mz": -7.468734009895917, "std_mz": 38.646166477929015, "mean_acc_magnitude": 0.09176183923999258, "std_acc_magnitude": 0.14170491887078174, "mean_mag_magnitude": 56.230671412932956, "std_mag_magnitude": 52.07284866413066, "mean_jerk_ax": -4.331807075450398e-06, "std_jerk_ax": 0.10583579710026468, "mean_jerk_ay": -3.2439107200285755e-07, "std_jerk_ay": 0.1222671162504244, "mean_jerk_az": -1.490339370101802e-06, "std_jerk_az": 0.11090721851928856, "mean_jerk_mx": -0.00019056490895866322, "std_jerk_mx": 2.8946828935764057, "mean_jerk_my": 0.00020259081876125538, "std_jerk_my": 4.141865665284591, "mean_jerk_mz": -0.0001397269276690326, "std_jerk_mz": 2.990071038614099}