{"mean_timestamp": 1694636965415.5723, "std_timestamp": 953115749.7874882, "mean_speed": 9.249415942776313, "std_speed": 10.11009592124785, "mean_course": 168.0565207097691, "std_course": 108.58924102062475, "mean_x": 0.0006488055534693303, "std_x": 0.08346716484412146, "mean_y": 0.0024932819811500978, "std_y": 0.07517154176071819, "mean_z": -0.0007968745363753936, "std_z": 0.07880943861676841, "mean_mx": -2.879131602084606, "std_mx": 45.12656283428197, "mean_my": -0.3249042109046268, "std_my": 47.414530742121315, "mean_mz": -7.471438170820601, "std_mz": 38.20527509395945, "mean_acc_magnitude": 0.07831452864545424, "std_acc_magnitude": 0.11270564727927398, "mean_mag_magnitude": 56.14198777628221, "std_mag_magnitude": 51.54107102237634}