{"mean_speed": 9.318318722422603, "std_speed": 10.259227147180798, "mean_course": 167.49695651194048, "std_course": 108.6927854037046, "mean_x": 0.0006713683395521238, "std_x": 0.08420670213494853, "mean_y": 0.00254443391019245, "std_y": 0.07552817583319286, "mean_z": -0.0009853165140442767, "std_z": 0.07925057542489809, "mean_mx": -3.5400506959166314, "std_mx": 45.70447529260441, "mean_my": -1.3700888229362964, "std_my": 47.0800381540676, "mean_mz": -7.468735473431627, "std_mz": 38.62441560638188, "mean_acc_magnitude": 0.078358468211703, "std_acc_magnitude": 0.11377070766163923, "mean_mag_magnitude": 56.19695137293335, "std_mag_magnitude": 52.05159270923339}